State,Actual,_MENTHLTH,_PHYSHLTH,_SMOKDAY2,_ALCDAY5,_INCOME2,_VEG,_MENTHLTH_PHYSHLTH,_MENTHLTH_SMOKDAY2,_MENTHLTH_ALCDAY5,_MENTHLTH_INCOME2,_MENTHLTH_VEG,_PHYSHLTH_SMOKDAY2,_PHYSHLTH_ALCDAY5,_PHYSHLTH_INCOME2,_PHYSHLTH_VEG,_SMOKDAY2_ALCDAY5,_SMOKDAY2_INCOME2,_SMOKDAY2_VEG,_ALCDAY5_INCOME2,_ALCDAY5_VEG,_INCOME2_VEG,_MENTHLTH_PHYSHLTH_SMOKDAY2,_MENTHLTH_PHYSHLTH_ALCDAY5,_MENTHLTH_PHYSHLTH_INCOME2,_MENTHLTH_PHYSHLTH_VEG,_MENTHLTH_SMOKDAY2_ALCDAY5,_MENTHLTH_SMOKDAY2_INCOME2,_MENTHLTH_SMOKDAY2_VEG,_MENTHLTH_ALCDAY5_INCOME2,_MENTHLTH_ALCDAY5_VEG,_MENTHLTH_INCOME2_VEG,_PHYSHLTH_SMOKDAY2_ALCDAY5,_PHYSHLTH_SMOKDAY2_INCOME2,_PHYSHLTH_SMOKDAY2_VEG,_PHYSHLTH_ALCDAY5_INCOME2,_PHYSHLTH_ALCDAY5_VEG,_PHYSHLTH_INCOME2_VEG,_SMOKDAY2_ALCDAY5_INCOME2,_SMOKDAY2_ALCDAY5_VEG,_SMOKDAY2_INCOME2_VEG,_ALCDAY5_INCOME2_VEG,_MENTHLTH_PHYSHLTH_SMOKDAY2_ALCDAY5,_MENTHLTH_PHYSHLTH_SMOKDAY2_INCOME2,_MENTHLTH_PHYSHLTH_SMOKDAY2_VEG,_MENTHLTH_PHYSHLTH_ALCDAY5_INCOME2,_MENTHLTH_PHYSHLTH_ALCDAY5_VEG,_MENTHLTH_PHYSHLTH_INCOME2_VEG,_MENTHLTH_SMOKDAY2_ALCDAY5_INCOME2,_MENTHLTH_SMOKDAY2_ALCDAY5_VEG,_MENTHLTH_SMOKDAY2_INCOME2_VEG,_MENTHLTH_ALCDAY5_INCOME2_VEG,_PHYSHLTH_SMOKDAY2_ALCDAY5_INCOME2,_PHYSHLTH_SMOKDAY2_ALCDAY5_VEG,_PHYSHLTH_SMOKDAY2_INCOME2_VEG,_PHYSHLTH_ALCDAY5_INCOME2_VEG,_SMOKDAY2_ALCDAY5_INCOME2_VEG,_MENTHLTH_PHYSHLTH_SMOKDAY2_ALCDAY5_INCOME2,_MENTHLTH_PHYSHLTH_SMOKDAY2_ALCDAY5_VEG,_MENTHLTH_PHYSHLTH_SMOKDAY2_INCOME2_VEG,_MENTHLTH_PHYSHLTH_ALCDAY5_INCOME2_VEG,_MENTHLTH_SMOKDAY2_ALCDAY5_INCOME2_VEG,_PHYSHLTH_SMOKDAY2_ALCDAY5_INCOME2_VEG,_MENTHLTH_PHYSHLTH_SMOKDAY2_ALCDAY5_INCOME2_VEG
Alabama,0.34264,0.3289376789719828,0.3303911136856257,0.33562253777133283,0.3569830289361199,0.34530932704605055,0.3538098179533906,0.32475855885967997,0.3294315336848505,0.35236753180841,0.3436453811790605,0.3532324631681566,0.3346805804594716,0.3565270582436881,0.34426776320090535,0.3543925155875049,0.3542698913894912,0.3319969678300014,0.35304894649954055,0.35600263553264516,0.3582681054301201,0.3552039240133595,0.32844295127182943,0.3530037227465838,0.3385275552780418,0.3515888733542125,0.3463821243671702,0.3298752173407699,0.34824195919606393,0.3538041013686274,0.35532022761234017,0.35448972139639034,0.35271039739220034,0.3320970261731959,0.35179693889481856,0.3602680123191724,0.35799495280736554,0.35467279035557586,0.3463539446735405,0.3563540929995199,0.3475522664988476,0.3568172151063316,0.3481068390839191,0.3264963381651763,0.34798828886232813,0.35680642531489304,0.3552527317689279,0.35213804103770674,0.3440757471228779,0.35070461749772464,0.34626676607490714,0.35559791727974804,0.35040030745435713,0.35516737567372214,0.347459829893182,0.35830950336778566,0.34982777899054934,0.3462480814691607,0.3514906383415845,0.34418812688844447,0.35582619804240706,0.3482235590768122,0.3513496853496215,0.3481645054987605
Alaska,0.32882,0.314319367736887,0.30751961108239295,0.30585764460531567,0.30266567303432934,0.29928983882899446,0.2925017913566914,0.3068138247975953,0.3074244244002575,0.3041658416391907,0.298099081684738,0.2926492070552218,0.306802285497082,0.3049370012463424,0.29965912970572106,0.29189775949780483,0.3014937706835466,0.3083608649915217,0.29315094433739086,0.3036049889118288,0.29405340009145997,0.2915524366628797,0.3060128392018362,0.3045469941529634,0.29854314576352603,0.2916909473969894,0.30351484134442686,0.3070018372100779,0.2944844535332981,0.30198556077074135,0.29530572996775467,0.29111285865857944,0.3051619081812007,0.30832774780389927,0.2944257333245053,0.30251125198981366,0.2954718641078566,0.29174366746168945,0.3075933877243871,0.29409315852394236,0.29693776062086485,0.2954169866336608,0.30467170629612117,0.3072219212295577,0.2942533386718442,0.30184147839051945,0.29525997734379517,0.29135597137429103,0.30596779529201296,0.29623955827184156,0.2964247112886713,0.29490541043356217,0.3065186368250405,0.2971203887931887,0.2969677012066524,0.29529960737002897,0.299339123436382,0.30582360144249904,0.29692125563366945,0.2966171634720185,0.294911262280561,0.2988661802654642,0.29922555056106537,0.2988654658842108
Arizona,0.26411,0.3191219650925013,0.31188299939611525,0.2975390318803627,0.29933709617386145,0.3166662319883111,0.3020969826801191,0.3082051787556454,0.29470114410937004,0.29718410918885296,0.31575517771840456,0.30196009494004855,0.29750123966615327,0.2996772944569923,0.3157911355123004,0.3017585804292836,0.2955087098203654,0.2961302106523568,0.2978233600006272,0.2990135280939224,0.2995822423377475,0.30230705408705294,0.2933209579313873,0.2976339794254021,0.31183007599062296,0.30012800853936195,0.29115212232199467,0.29485499466455556,0.29572851893183577,0.2974849884431153,0.2982198677392485,0.30201146362227,0.29503834188588884,0.2962092074428604,0.2977714570115443,0.30122182363539163,0.2997545617413258,0.30187643610719794,0.2917415360251798,0.29702968737176727,0.2956078374655786,0.29910274901623096,0.29229596259800195,0.2923616203507852,0.2954574847686001,0.29915124380669295,0.298171613235945,0.30035039574377365,0.2901549420898756,0.29387171860417927,0.29497846975230824,0.2982760139991011,0.2938923316391039,0.29658749040632465,0.29553352366849717,0.29988639978584813,0.293904009349496,0.29138250258160675,0.29439524524936156,0.29351641830188435,0.29840319868119536,0.2928028619825618,0.29470043272289315,0.29276969790829005
Arkansas,0.35192,0.3290562472391597,0.3430722236538969,0.3306579091648565,0.34975406589448055,0.3434963089650071,0.3565944257331947,0.3427674499994626,0.3238700743261163,0.3444934890936183,0.3414070878163765,0.35602121064968756,0.3277151636936101,0.3439376624537376,0.34477263857807483,0.3584177610581896,0.346821081916226,0.32696398031710733,0.3534807776871212,0.3487344435802597,0.35747892985778645,0.35779087123988684,0.3272802341328802,0.3437518404006763,0.3445012821398264,0.3581571041446035,0.3378729970970023,0.32430151084691783,0.3481579773090002,0.34586087342646554,0.35389430510273595,0.35688510005079715,0.3357711298700991,0.3268235621182326,0.34944202892932297,0.3444547145695048,0.35422120101035803,0.3584235107847689,0.33854458197885434,0.3548109833252061,0.34794266504719856,0.35599293161078893,0.33528991607624686,0.32658551556213605,0.34873928200564325,0.3443044191051982,0.353979411056615,0.3581645297882079,0.3355783489305441,0.3478295379193207,0.34630838608567205,0.3541268196348239,0.33497242299279345,0.3470424152079722,0.3480768488540693,0.35422713129073613,0.34776967951804133,0.33462631303771023,0.34640288593840185,0.34751494205993877,0.35398637690890333,0.3453866825922822,0.3459388220164043,0.3454204557988597
California,0.27746,0.3230254869709281,0.31251511377718055,0.2960679460766925,0.30103546029914136,0.31696457144668055,0.2989910633214547,0.30516969227845836,0.29019251246869715,0.29625513047368773,0.3136158706519529,0.2985753336712555,0.2958760013947639,0.3013205991010437,0.3161609193508854,0.2987750829278137,0.2961415684273983,0.29448343635873747,0.29480221878492147,0.30072983128141023,0.2980298950040145,0.2992872953284889,0.28760256890839564,0.29712377799461825,0.3080779038296586,0.2954682030162806,0.28742147085285463,0.290250329724822,0.29049130351786256,0.29578363842277156,0.29513242139573026,0.29803139118762956,0.29527688971184335,0.29455402021548704,0.29452768907709226,0.3027566381514222,0.29825828305639707,0.29889492887136765,0.292080241899042,0.29508062367991694,0.29229094599862926,0.2975653576328649,0.2897485373081573,0.28667433960572186,0.28998806938419636,0.29832858580276833,0.29503768614268705,0.29566317628266675,0.2870166270836501,0.2891774849352002,0.2902083992188153,0.2950420229929583,0.2941027653171345,0.29463194369708756,0.2922243665450197,0.29839253363200013,0.29181207835245715,0.28886394237019136,0.29029990343751194,0.28811284349554045,0.29524096336083744,0.28874649026397564,0.2926522527521988,0.28869505194392353
Colorado,0.22149,0.3135627892701389,0.3080224078199106,0.29663075650857873,0.30843258158658815,0.30460186898900965,0.29676243288035287,0.3082960898777134,0.2978107647548619,0.31091529124569073,0.30491869291935647,0.2969799180130328,0.2970944632100909,0.3111151654757781,0.3044523126522356,0.29613010539263224,0.3018502507408751,0.29739196589231104,0.29322082199349697,0.3091389539687855,0.2992774136276921,0.29614063083710157,0.297330559756498,0.31124801710428973,0.30461154973084464,0.2963495290003043,0.30396820084708726,0.2977124660798756,0.2941382832543638,0.3096483818724252,0.30116695283758776,0.29630836448596437,0.304731347977102,0.29740346057988215,0.2938579837319827,0.3099063989121872,0.30092613291117026,0.2960711777004669,0.3041928936064172,0.2957938596189953,0.2943779361356025,0.30029321876401244,0.30470953878436846,0.2975701849526502,0.2940572575234615,0.30992916734185016,0.3011260062301806,0.2962270711439095,0.30468678914839775,0.2978702347897406,0.29458175701688405,0.3009565336722016,0.3049997364244618,0.2981945726058082,0.29436681664951525,0.30086067834882085,0.29792907809186553,0.30493598945250466,0.2983288761686192,0.2945171544338652,0.3009991732189485,0.298621755082917,0.29850833463503607,0.2986105403021884
Connecticut,0.28253,0.31605872747186053,0.31117824529268057,0.28329718253689945,0.300658927210366,0.3010067531629442,0.2873496976565892,0.3102888704067541,0.28126400106210947,0.30077382096937744,0.29903514660075325,0.28735636098016915,0.2827249179644043,0.3013918428741481,0.3017906769675794,0.28721479337306066,0.2904537897968688,0.28363778253528144,0.28084913289498764,0.3014355917962407,0.28963465401563,0.2866384744738473,0.2815579668257319,0.30095779907540954,0.30040579386802285,0.2869873680420236,0.2879357062013626,0.2811100565765312,0.2793856929228158,0.298661420083735,0.2901026581148953,0.28591815439369017,0.288894001337448,0.28354762596368865,0.2800359894996042,0.2986629974042675,0.2903079516146667,0.2870429981360787,0.2918612334186318,0.28393420722421286,0.281355558287387,0.29074810210689167,0.2879668643839265,0.2822199395499268,0.2794488868072539,0.2979146511728156,0.2900773764737204,0.28661396705545267,0.28899884899515893,0.28286191797352134,0.280126121200629,0.2897248722932257,0.2896200167387054,0.2835597561554365,0.28144007030652407,0.2901157956785937,0.28532498151646857,0.28859580726697287,0.2829543322583339,0.2807825025337167,0.28968849476243597,0.2839916428293639,0.2846648694341456,0.28399972243823546
Delaware,0.31778,0.3083214982880461,0.3151342018675266,0.3022474215910209,0.31859701464717605,0.31763729767633714,0.3016568108110666,0.32375201496528105,0.3078794150638656,0.3255737188604618,0.3238171570067726,0.3022518704540147,0.30196267487142164,0.31973853955715575,0.3171935792745723,0.30165803240891953,0.3117460720700787,0.3010426458060116,0.2991767786599059,0.31864176476160133,0.30663133712712737,0.3019514546719573,0.31146495519244427,0.3247373107072349,0.3269386306017549,0.3057673004569407,0.32077512482897913,0.3083569812536189,0.30336948401547803,0.32736965602329793,0.3114471289713721,0.3045023278032438,0.3118414339547315,0.3010793497245857,0.2987647123228141,0.3202755129294389,0.30754391931541236,0.3017389028388228,0.30936165654998365,0.30323596053535773,0.2972414646173306,0.30665479276390983,0.3179743192809142,0.3106440888209076,0.30407965878863913,0.32577651311741496,0.3115307440950149,0.3060187346298206,0.3181805853133426,0.3103261645702865,0.300950005210064,0.3118802649593348,0.3110486100570027,0.3041001002706229,0.29720656565752546,0.3076352727623541,0.30161252560975815,0.31719092990633724,0.3091017930527987,0.30233487152954375,0.31179406527920683,0.30746585563001694,0.3026116468620178,0.3074867676622376
Florida,0.26492,0.3200032956589548,0.32446428047219167,0.29727592944269227,0.2996086473108914,0.31334522076265225,0.3070657871476821,0.32530163552109614,0.29375930980092585,0.2968537749825402,0.3112306410488088,0.3068907770813022,0.2954604584282167,0.2953976461951948,0.31494245614813277,0.3079170671496304,0.29559808373737817,0.2964633938070286,0.30170846834528325,0.29951821485866825,0.3032078876207549,0.30691646456889815,0.2962105076003262,0.29614276188008726,0.3154875637690383,0.30843453804239723,0.2902582408209074,0.29376733260035826,0.29905507430347444,0.2963454805692857,0.3013466984200147,0.3061005598515012,0.28707122776961597,0.2962897345205705,0.299177971235955,0.2931100295855806,0.30090145621057324,0.30772492918646815,0.29338760412462783,0.3002179434556246,0.30048306289469173,0.3030865588507365,0.28777139776470684,0.2968520510353663,0.29951297401694077,0.29369105969775827,0.3014260290026164,0.3080315127682575,0.2901367933638144,0.2960667896115832,0.2990780983255824,0.30122172285654636,0.2878148260659602,0.29436917168677423,0.3006467267809868,0.30068526469485723,0.29824421053848765,0.28838445833752485,0.29475063237655086,0.3008541161982425,0.30100436580148293,0.29596138991663845,0.29576598215888816,0.2960152516764919
Georgia,0.31676,0.31365124496152486,0.3234807359259203,0.3393036840514344,0.3353465887700474,0.3305340026939466,0.3425230891823927,0.33030559758684963,0.344794612105947,0.3398564251227007,0.33579308245603084,0.3429349898567549,0.33949542141254263,0.33517622224732607,0.3300175230915616,0.342612115698919,0.3398286174287489,0.33872740876677876,0.3453411275472397,0.3348878252353408,0.34199875301763044,0.34299468438164005,0.34718599389641447,0.3390642443917233,0.33793784291585505,0.3456352710686952,0.3480196336659133,0.3451431305383076,0.3493014710419828,0.34236363116052826,0.34459525579055744,0.34504091395498454,0.3407802012653646,0.33878504548402,0.34563459024079135,0.33695391183219225,0.34173531636472293,0.34272610450328705,0.3383886599256213,0.34433123615106753,0.34450755139007505,0.3413415607327431,0.34590193013196957,0.34652519662690906,0.34975036969583995,0.3413698222691506,0.34468350906888706,0.3459373273960298,0.34599663441515965,0.34951938289779994,0.3476282153780039,0.34508189989338534,0.34014798077571706,0.34451008375045766,0.3444539735775123,0.3418629586685432,0.3429895527144579,0.34527287278074953,0.3484509172897017,0.3484233019580939,0.3449983769251815,0.347332798509685,0.3435287409904289,0.34735431877734746
Hawaii,0.24906,0.3121362956128031,0.29998225918268373,0.3049882626373613,0.29221439227279905,0.31393981046749775,0.2883911137505619,0.29824163956859373,0.30808027789021697,0.29444621063628257,0.3169684826557845,0.2886688616216806,0.3069522224157797,0.2961521102948775,0.3113917554909851,0.2870955223997804,0.29339663268412486,0.3046952336941807,0.28954292605789494,0.2919164289649021,0.2871453263711574,0.28866641056008263,0.3050598891183307,0.2951679525357815,0.3099121652412369,0.2863866032846374,0.29717648325844254,0.30827037309111216,0.2920387790329584,0.29588278016266445,0.28873044041178003,0.2900014421140935,0.30065318821657705,0.3049526580435965,0.2922374873567286,0.29986325028239125,0.28934661467534983,0.2874011637561264,0.29178082004546957,0.2884055469464617,0.28889179815489385,0.2866847574749026,0.2995339364434702,0.3035141075314143,0.2915058963758844,0.2991654171024485,0.28864933522838,0.28702987102229804,0.2958078614837636,0.29151911634121463,0.2909068414208508,0.28904995974772274,0.29888161627115095,0.2934830357301308,0.288648164442404,0.2896894287224285,0.28727634618321896,0.29806301033490556,0.29276908719588046,0.28822348757355437,0.28932068674663647,0.2900096426434472,0.29036733484671284,0.2899414783421688
Idaho,0.33166,0.31631925502490915,0.32701979189677677,0.3092345071966332,0.32529924125303866,0.33487830990496514,0.3024180165480211,0.3326725741041769,0.30966867317378677,0.32714309900111105,0.33926940942638034,0.3024729747796206,0.30759217932527416,0.3228054320523417,0.33445849491618773,0.3036165633550987,0.3196620056601136,0.30539338079126876,0.30231826523688377,0.3243167559119896,0.3097324471772934,0.304040489944247,0.313757707681738,0.32614792044151064,0.34110227194372333,0.3064249656442668,0.32103713589399946,0.31043898366203415,0.3027356641028182,0.3303625787668394,0.31145051994589457,0.30594805956888343,0.3137015936128088,0.30542063435559474,0.29998508578161076,0.3252680883260041,0.3088292997234758,0.3038504147662228,0.31058032743116787,0.3074793315238409,0.29618327366245,0.30821791875923576,0.3176879784374416,0.311969238933325,0.3035514596685145,0.32915869705444073,0.31155056504182,0.306980486617627,0.31665462294479674,0.30966715063772987,0.29883711147178305,0.31218050318948654,0.31176720102898614,0.30484629849004147,0.2961566945780722,0.30909201973223144,0.30053801294646343,0.31598363157645765,0.30818599218615605,0.29980357431747956,0.3121309304131914,0.30486412548082786,0.30142293803590625,0.30487523145200307
Illinois,0.32625,0.3123365980142698,0.31846791873492547,0.31591273341889337,0.3059962993373409,0.31091128890690706,0.31189268131550646,0.3244660639076794,0.31997698580422934,0.30915658573746174,0.3132281348025664,0.31225975288015406,0.3157678023745373,0.3046260037690592,0.3117858467983585,0.3120426130813586,0.3082158682159951,0.3170756283382009,0.31232807170747157,0.306216406463221,0.3090705040697993,0.3114559519045771,0.32242196682443286,0.30825506140565057,0.3182331839918146,0.3148798186447682,0.31371233204825094,0.31992391322147856,0.3153729819282016,0.3094184483302308,0.31094699903721873,0.31238126863787546,0.30642514101753016,0.31698889545128106,0.3121101920910322,0.30285613830352415,0.3082702151494365,0.311895820784483,0.3106270477988867,0.3102463840412971,0.3141157298407362,0.30940832094703774,0.31110301719104494,0.3232925445325093,0.3158622858029269,0.30663184860123777,0.311045632473078,0.3146180721833611,0.31389947871104285,0.313828664010384,0.31558134908253854,0.3109915747932803,0.30751764618279404,0.3089179583252121,0.31419695286349186,0.30810524034689984,0.31213441287261834,0.311934911493218,0.3125384491974818,0.31758168474428383,0.310771915343582,0.3140320977045376,0.3107993246907892,0.3140881398252835
Indiana,0.33616,0.3143131839043585,0.3225247863579792,0.32430913295150543,0.33867746754061867,0.3292996963073593,0.34046136302728497,0.3282710216075347,0.32777278297902757,0.34297802732474564,0.333897729949868,0.3408192558543605,0.3239681812827845,0.33919827003195346,0.3287640086759539,0.3404914394662067,0.33594059833384693,0.3227373802054355,0.3382563931902477,0.33837825236864644,0.3418104660987602,0.34087855787033405,0.33036806826494614,0.34241181563909817,0.33546296907012996,0.34302238593085765,0.3418989635801596,0.3282290673857281,0.34061159223880383,0.34498721685662703,0.34440173545174924,0.34266428073367117,0.33609263801088496,0.3227889954745471,0.33783399333869635,0.3407567731283543,0.34200216152010865,0.3406009166667003,0.3327732191380781,0.3397061102999308,0.3359519443156442,0.34137750070340445,0.3400942702057737,0.32935615993053124,0.34107258713196686,0.34441563345954485,0.34446383281734966,0.34330544405218066,0.33945785007896123,0.34343021913550587,0.33850318817522734,0.34480317037398067,0.335035123714256,0.33944704288279576,0.3359048016917726,0.34212503975092523,0.33698491314924045,0.3391281511671892,0.34251583590813917,0.33910210397400675,0.3447593318225554,0.34079045100337985,0.3377456671334128,0.3408007457021188
Iowa,0.34226,0.3137909637283645,0.3118040020071698,0.33042226089459514,0.3344099786765791,0.31400750093284213,0.36504183766558523,0.31347188915208246,0.33489902937582683,0.33874833464914755,0.31599154714844574,0.36554287397415475,0.3318580139866009,0.3383930537369105,0.313420852078685,0.3635201852210937,0.3353740648528218,0.3321946501786018,0.3601624981803191,0.33505974003433775,0.3576019390122793,0.3637696864346964,0.33383832668321034,0.33913464697255447,0.31535725193726377,0.3638941260666973,0.3423690860944823,0.33474439577636456,0.36304142556445596,0.338148238310564,0.3594968549093035,0.36432415672575946,0.34264950134605643,0.33226493204036045,0.36229766304378985,0.33823818848920484,0.35908812613995755,0.3634400729633956,0.34029206192364414,0.35604681822105555,0.3633192052646792,0.35864989035216344,0.34372182108722826,0.33413160408022047,0.3627430300230924,0.3390306210369396,0.359465347726058,0.36372907432449475,0.3434530825220032,0.3587648090025772,0.3641411086959271,0.3592747821029487,0.34300234893273146,0.3587128620574736,0.3632563821385528,0.3589978003053438,0.3592783352737813,0.34399876893284725,0.35918385849073653,0.3636055762776243,0.3592923724948329,0.36001426341209514,0.35963725872113356,0.3600099649028612
Kansas,0.36157,0.3112161592567142,0.30877491205741675,0.3289969320366068,0.32451041378820505,0.31492341142688396,0.3361646190790324,0.31173988901348854,0.33523160915691375,0.3299001519801731,0.31872984401982635,0.33671413081423895,0.33079447435833764,0.3285758684749196,0.31372832248725946,0.3348733471749512,0.32744944672709003,0.33048248938388564,0.3365129043956582,0.32487413582356756,0.3333503517978687,0.33554879541406996,0.3342296713829854,0.3301355935187146,0.3172565554233523,0.3360487552052059,0.33659980109220117,0.33520857962625905,0.3410003613409562,0.3303789401006464,0.3364215041841474,0.3369738014562621,0.33542114194457606,0.3306140125751724,0.33906637265035494,0.32964849659473716,0.3352550753738482,0.3349329821747671,0.3311469801000147,0.33445660356572515,0.3389450369702488,0.3339220921347346,0.3376133880448737,0.3340420279708455,0.3407870602360954,0.3314562701601954,0.3363992397278654,0.33619910151553906,0.3367665950664259,0.3400511626320524,0.3411828353445943,0.33648733413740745,0.33525706466374383,0.33885504444296827,0.33882228322690383,0.33532195626162664,0.33720600188349625,0.33743385509715224,0.3404992622901367,0.34046329837004374,0.3365561165926738,0.34024761598511477,0.3386515545684151,0.34023097518611883
Kentucky,0.37237,0.3265157675190806,0.3397689424243623,0.3633718374800663,0.3644008822655297,0.3344980733403766,0.3595731534729153,0.34060883614528553,0.3618176884348553,0.3620732501548126,0.33229820160367207,0.3591856065760022,0.36234768593302724,0.3612960644740484,0.3362449505813765,0.36100416085544923,0.3715093163362364,0.36402457511399416,0.3677205347244052,0.3643269093640075,0.3651882059742728,0.3600082049447775,0.36342289501179403,0.3615979818069539,0.3370407751957182,0.3612297534823775,0.36977131857224016,0.3616232284793036,0.36651418557975274,0.36163706336415774,0.3636965685719956,0.3590039828277081,0.3680323770202989,0.36386066365057057,0.3663004653812584,0.35963936231921056,0.36353644952737246,0.3608699831595059,0.3737909816367553,0.3698102737942938,0.36880202940039175,0.3650812128132028,0.3686187053107351,0.36459727695253136,0.366810002022098,0.35980114335072544,0.36374890618107025,0.36094573782478845,0.37110433572250767,0.36878512094336524,0.3675332733130661,0.363600093907444,0.3693721022971337,0.3677636868611231,0.36895660902015187,0.36338638370817733,0.3717325497240951,0.3697359768394025,0.3682309463591704,0.3692408341597076,0.3634531470861213,0.3702259386305905,0.3700017413636454,0.3702643140154724
Louisiana,0.35615,0.3289287168958545,0.3255504945701918,0.3268669462151186,0.3360312510899464,0.32998245075410393,0.3331675624160579,0.3178475962145459,0.31978463763880705,0.32979535530660864,0.3253697543918851,0.3325004060837243,0.32621504638535687,0.33517811077752624,0.3298732877722191,0.33364223646613156,0.33506709377816546,0.3253771646507996,0.3333402262625781,0.33562564150814056,0.3356292869815814,0.3337857020307213,0.3176521636695368,0.33058924457015887,0.3214175443502844,0.3299998979619362,0.32512394712918735,0.31977210165696524,0.32803101225274306,0.3291993994922836,0.33172323601991993,0.3319198631760133,0.33329724033330543,0.32538591112103976,0.3324512415314492,0.3363061941739077,0.3351915847271004,0.3337281289104129,0.3318544258242326,0.3350302693420696,0.3310731501527492,0.3350256692116665,0.3273939618389458,0.31711502338375586,0.32759031278538386,0.3314198785923687,0.3316381309853875,0.3301155805016906,0.3253109650408411,0.3281798040186264,0.32819086542422765,0.3315928236258567,0.3325548218049074,0.333910311899828,0.3310655218679667,0.3352880357623857,0.33241465522573593,0.326880024819234,0.32925431721937826,0.3265830965749872,0.3317590936237908,0.3283963953843976,0.33267971420962406,0.3283538022143565
Maine,0.3078,0.3203805094431934,0.32312037797360743,0.30779545125494034,0.287144442695701,0.319172450575566,0.2952847328707451,0.3229997765216005,0.3050787120504704,0.2831551934304016,0.31794003702978363,0.29503249215243305,0.30663646555117446,0.28213819101194665,0.31988479974239803,0.2962189800074607,0.29083636606101987,0.30675838852171744,0.29608246372821756,0.2863743753962266,0.2900937625275856,0.2958280605368626,0.30639932761623656,0.28242787371133315,0.3196158981067182,0.2963715955856445,0.28561402926291884,0.30516501456887757,0.29424605100583934,0.28418344701204057,0.2874798578516126,0.2954471269103218,0.28306097819998804,0.30667829005170566,0.2944084209772535,0.28214131437782797,0.2873865254783267,0.29620274121388407,0.28691096857755777,0.2922542192379126,0.294305232146278,0.2889611034138974,0.283457703585358,0.3064353543229455,0.29453783156563706,0.28245727637797646,0.28756087217339854,0.2963395917269495,0.2846887013476453,0.2885099499019248,0.293690078156586,0.28766794961485187,0.28311716304516343,0.28718481513500554,0.2943792291906798,0.287367245450368,0.289003518533372,0.2834975408175753,0.28740121687871795,0.2945034487156141,0.2875258489501671,0.28751979435282016,0.28736452079563796,0.28755564130036215
Maryland,0.32957,0.31288794493768063,0.3036050469750423,0.28774018196260315,0.31132294901854407,0.2960064334174158,0.3015087908702433,0.3026621627183398,0.2885074664940987,0.3145070861108663,0.29509772643999427,0.3017929191046334,0.28842853203060326,0.31591115132318615,0.2960961648453888,0.30033757151282836,0.30022193432595135,0.289373954347949,0.29380165999721636,0.3126820952512306,0.3037462942952651,0.30012116992056626,0.28728503468429084,0.3152516407928385,0.29472894174070435,0.2999247525540962,0.30223564567452316,0.2882206961119259,0.2942814902458999,0.311631151339655,0.3060201494335039,0.29973735345188046,0.3051935491053152,0.2893611167021758,0.29479230875529805,0.313223226351091,0.30635489091975104,0.30016350369571027,0.3053452326310705,0.29712808259653445,0.29644939070821863,0.3057368870777029,0.3040324172141612,0.2880330235694776,0.294025412886608,0.3122333347013052,0.3059351853844246,0.2995429641335658,0.3042433125125137,0.2988310906498771,0.295770686658986,0.30547665921350303,0.30600864242954817,0.3005760237128203,0.29646219591224954,0.30616054590236647,0.30141737652911393,0.3047407955003416,0.2997700020448286,0.29561539382305474,0.3055381002002893,0.3009924347874623,0.30184519493591033,0.3009760592237086
Massachusetts,0.28139,0.31992971701394174,0.3163931551190941,0.2903529035610345,0.30429450462345536,0.3055495355038303,0.29526751479132474,0.3138376424686,0.28618070303213083,0.3019554597486268,0.3019792556074005,0.29504582931942785,0.28936244355294205,0.30350399295236585,0.30668674702769816,0.29551635553006866,0.2961309581693315,0.29042491245169944,0.28974855138835054,0.30484270341579844,0.2966362632960946,0.2947498282752151,0.28635133154113596,0.3021229512004556,0.3034210676326411,0.2944907261831491,0.2903397872001141,0.28598748264695173,0.2866831780031006,0.29979860519086093,0.2954406461146161,0.2933719817800492,0.2924613947808972,0.29029958586859184,0.28835581990629905,0.30075197729589426,0.29642119121691984,0.295329733955399,0.29674631463780954,0.2919665246444697,0.28985455340426775,0.29742261861357017,0.29037118407416695,0.2871278318776208,0.28671461166726403,0.29896941588391035,0.2954192301116914,0.29407038108278777,0.2915858988333612,0.28839826964972115,0.2876464120007245,0.2950337700127822,0.29329156472523454,0.2900304736216305,0.289972304707221,0.2962121513012146,0.2926238278305285,0.29110978233992696,0.2884432485954973,0.2883047909490548,0.29498098249135407,0.28974054146764916,0.2913702887067725,0.2897528487921587
Michigan,0.32263,0.32111163561373723,0.31985023777196947,0.32988004108826574,0.321574468536203,0.3169374116920671,0.32268841711206603,0.31758708327425117,0.32888752055134995,0.3197416310674719,0.3148068213191825,0.32250652220480036,0.33016226564336604,0.32130632310270113,0.31735861323609027,0.32277769383342636,0.32565232669598715,0.33106310163491726,0.3260372900515379,0.32173426008895767,0.3226763896513427,0.322502493299858,0.32770966210409536,0.31997015245346516,0.3147188101791162,0.3217032879692084,0.32388227087941374,0.328613394622603,0.32536022999068254,0.31879625969548675,0.3214845335278895,0.3216222865518812,0.32631908246987795,0.33102737829343853,0.32641796379660093,0.3204803303729976,0.3225067032233395,0.3227106863579098,0.32837375903073696,0.3252664449501197,0.32785354285527657,0.3229175766526609,0.3247666236564945,0.32842211383814757,0.3251434348733383,0.3189410390767109,0.3214606300064635,0.3215390113259919,0.3254217527863983,0.3240855468323809,0.3266765314398679,0.3212840059465174,0.3270908541184765,0.3257261145374908,0.3278867893542758,0.32243157340165823,0.32749774438928714,0.32544589638211846,0.32451914365855566,0.32657604783121197,0.3212892438854827,0.32575559767983975,0.32700628714527125,0.3257551366943683
Minnesota,0.3029,0.31064787400942095,0.30153041862871255,0.304830401174759,0.2979866917500096,0.3010698473621231,0.33698136700766546,0.30195684503679293,0.3090069237603399,0.3017187735053016,0.30256905479503315,0.3375730701146229,0.3065700320448241,0.30195574255687363,0.30023962653249847,0.3349363912469564,0.29759847693294683,0.3069185726616532,0.3284107078792717,0.298698731370944,0.3237919668497938,0.3352696655318303,0.30707578865467816,0.3022013558086613,0.3006642752971931,0.3348754415617524,0.303294232508409,0.3087776040044982,0.3311552869499622,0.30077995403915947,0.32521190282208595,0.33570506095279834,0.30447171869819023,0.3070072519142035,0.3309476055426105,0.30153609020322525,0.3252024567432227,0.3348281669668111,0.3024191209782673,0.3210963833786867,0.33198918904397856,0.3249417645050416,0.3048599805663703,0.30741255760935793,0.3307078387299931,0.3017613656515504,0.325171330942006,0.33464176976357574,0.3045501343942524,0.3226312090954425,0.33255394180761244,0.3249077510098536,0.3048618907744002,0.32324035100806736,0.331908440851498,0.3250799763651876,0.32414273874950633,0.30518126469995666,0.3231107886672781,0.33161125376033806,0.32492580104490293,0.3240803512829113,0.3242834177728628,0.3240756348840151
Mississippi,0.30567,0.3284470053039603,0.3245637035558816,0.35723125536956746,0.35648541537590867,0.34610030266887043,0.35124487954167527,0.31692301569654885,0.353619195183019,0.3521781156289494,0.3449024706019656,0.3506896311748077,0.3580682966709021,0.35809915741295995,0.34399836998999267,0.35128145827504065,0.36305472613797124,0.35522402327987496,0.35882389567933104,0.3554397239630507,0.3562599057718947,0.3527525688370547,0.3497798189336343,0.3533365358574882,0.33623688564660026,0.34752355733594664,0.35809856711858123,0.3538569104970938,0.35614022996329775,0.3538797358017145,0.3535600203193478,0.35224070404389357,0.36772729680728344,0.35544545769911023,0.3600052567378004,0.3634154749693894,0.3571136098261842,0.3516898902389583,0.3583368740801115,0.36062151133435494,0.3556818842372816,0.3547066470045426,0.3619471197076013,0.3478297166679445,0.3553873819037763,0.358762513588025,0.35343512189017434,0.34833003047130895,0.3567664758755056,0.35745266983323204,0.3549923914840071,0.35389915309729764,0.3653890559649494,0.36381724699514995,0.35547377695990595,0.35757206166040206,0.3568695889294996,0.3600868440039081,0.3593628452276943,0.3514531756208674,0.3542773774445495,0.3560054730680165,0.3598202294594859,0.3559103903048272
Missouri,0.33892,0.32073316713884065,0.3260334066909714,0.34125521778476364,0.3432898122402049,0.32917267222424396,0.3295378801898647,0.3268082811330216,0.3417091612384111,0.3434105135720256,0.32964252633708757,0.3294117014340421,0.34117544128700644,0.34300887397044383,0.3292358064267324,0.3301295462185421,0.3465293742765816,0.3410916244368586,0.3356459730667668,0.3431033800801361,0.33583079109855346,0.3301664567170908,0.34213186544557994,0.3433127772589719,0.330236729497149,0.33045786267855926,0.34757291779835486,0.34176066439753505,0.3360595134483995,0.34395837445327215,0.3361744540176106,0.33034984659266065,0.34693959765801174,0.3410915837729467,0.3355113935808086,0.34359759930054756,0.3358782234271205,0.3301975528948923,0.346502485829278,0.33867616403722345,0.335319449490856,0.33552721818825426,0.3474444778091256,0.34205321207015127,0.33616009544788006,0.3439881563378899,0.33618143188155575,0.33061018154214294,0.34738678902592,0.3401947777619955,0.3357373833817814,0.3363207072310094,0.34686043745029793,0.3396781346936393,0.3353188861157119,0.335955143409171,0.3389485230897616,0.3473682863423804,0.34024336834848234,0.335944980460832,0.3363413681638517,0.339959598090185,0.33939481344288375,0.33995508292136206
Montana,0.28457,0.31347245154276604,0.32615853097996894,0.3247415360881985,0.3056580522114457,0.3278928210183818,0.30830271175636337,0.33431411928822724,0.32887125804412,0.30798919772635763,0.3327570603439471,0.30857688018329227,0.32390976292605,0.30145376606965313,0.3281219825152716,0.3093035985408323,0.31170535452566495,0.32346682151832173,0.3126512181408815,0.30470975753624335,0.30639667779574714,0.30926173797096396,0.3329662202047794,0.30643985867271983,0.3373449490471937,0.31322427567492617,0.31692505997723286,0.3292980121348254,0.31586429977320585,0.31124835835131803,0.3078357425544186,0.3112998930547346,0.30599819435186587,0.32344081954505166,0.31143495950160033,0.3026957509466115,0.30416856961927896,0.3093899377007894,0.30746230422905835,0.31032226733745993,0.3104950333193578,0.3049914788459585,0.3124873325928531,0.33247688158184285,0.3167012523759385,0.30825408707965885,0.3080036364503998,0.31348389415373235,0.31411503986819406,0.31406118448686227,0.31359584423484455,0.30849880566438415,0.305595981116561,0.3068301865622315,0.31051812397981604,0.3042647032931001,0.30691776316320263,0.31202620041806556,0.31191336590049246,0.31555312573178784,0.30827344543190416,0.31100155995357276,0.30617387425272713,0.3110589377278635
Nebraska,0.36535,0.3124787365416641,0.3062127724272523,0.3311566598727882,0.31871016466703006,0.3186221521628593,0.3331289605928413,0.3068030323214149,0.336679144845322,0.32275710760385695,0.32233452365269555,0.33357938631736667,0.3334098904115127,0.3231104626434191,0.316580716993787,0.331633197980284,0.32407486598557567,0.33213062378668756,0.3348636343873147,0.3186901491339914,0.3289818563211774,0.3328627999233129,0.3342363208514825,0.32330709674164426,0.31767082969880794,0.33171032212474916,0.33177994526098625,0.3367256518272517,0.33888008904539757,0.3239257797298237,0.33115739909090136,0.3342809490617949,0.3333127366391839,0.33234820446105284,0.33804140120897397,0.3259715031063659,0.33102506018677025,0.3318253447165964,0.32604696467328775,0.3315553994435986,0.33644321082757467,0.32898903716198036,0.33386866181705394,0.3333911305855393,0.3383991191225786,0.3264745020741505,0.3311019726557994,0.33212460685968315,0.33139837413357653,0.3361054942451772,0.3386757661676402,0.3313543596030268,0.3323694849505669,0.3367128588601082,0.3362391279418232,0.33124032857361274,0.3328815454820874,0.33306376143412597,0.3370712084823746,0.33670977705828,0.3315339590093246,0.3357113557254051,0.335203787368764,0.33566685244223493
Nevada,0.26467,0.3194829575189478,0.31998090811053337,0.3223141301197785,0.3059508254745252,0.3180041632848083,0.31648185490294656,0.31941742429678094,0.3217501029770411,0.3040561725399701,0.3171202661639753,0.31638344222442866,0.32224152488864255,0.30402516452750067,0.31832611785463844,0.3167003295011362,0.31089368614188645,0.3226806007139048,0.3183238724317331,0.3056850749361103,0.3123059031784931,0.3165047688235342,0.32162895402318514,0.303835908625439,0.3176261061296921,0.31646392145116375,0.3092561576972027,0.3216541724436639,0.31796458755529666,0.3042685187150903,0.31088659586338124,0.31615798637414555,0.308886332173049,0.32264997640292825,0.3182058816420672,0.3039012045286767,0.3111280595593969,0.316667871254776,0.3109833045611793,0.3149709346717733,0.3188521164890976,0.31193419366157127,0.308790696062043,0.32195804831455843,0.3179535634230664,0.30368247549738453,0.31091389097031663,0.3163897157872137,0.30956992050425874,0.31342715993697995,0.3183949889452118,0.3108967883899116,0.3092600260682555,0.31331173017665026,0.31888050523942035,0.31109100102354575,0.31489116091830494,0.30910722836416643,0.31313399759226707,0.3185926398212064,0.31083545927498013,0.3137862146616184,0.314029427569524,0.3138022547579166
New Hampshire,0.30311,0.317725763252479,0.3084371441118743,0.281162621020843,0.2782767721280407,0.30382342863754985,0.2751093094544705,0.30468802667886863,0.2776777458967261,0.2754755300566314,0.3013291975968787,0.27494908885924246,0.28088017940983473,0.27770096634913993,0.30383125880419937,0.2749235271572888,0.2729976817665235,0.2808048589472728,0.27027009149265746,0.27835573992078066,0.27240434332224617,0.27486548863770405,0.27653827148202725,0.27577883030137296,0.2994384233396696,0.27344124072030584,0.26725060331702155,0.2775981369734648,0.26785618066874095,0.2744868425292064,0.2708540341236365,0.27400626485987833,0.27051105141920134,0.2807915730270464,0.26982974846850727,0.27701282917754194,0.27225537779684783,0.27488939029410847,0.2714710563950938,0.2694715480133749,0.26957288650575156,0.27250048613716155,0.26784671737782895,0.27652661370546494,0.26766756238056016,0.27484896535544834,0.27081884118745947,0.27333987565659523,0.2675097486685709,0.2658687251009616,0.26813417299876874,0.27067541528545913,0.27044068958346273,0.2682261028135691,0.26958420502578384,0.2722167933941374,0.26836010577438757,0.26783770694749864,0.26618405841060494,0.2675629639211188,0.270712628165407,0.2661434436245046,0.268060831334869,0.2661331756191698
New Jersey,0.29985,0.3172841121408781,0.30569171430701614,0.30617336753052016,0.3214988916296487,0.29477881250888716,0.3123289652311414,0.30120892194952104,0.3055800797984778,0.32236567358315216,0.29082340587413463,0.31236177161022644,0.3073886235637146,0.32637620548224944,0.295355370045273,0.3111684310837049,0.31555497473295724,0.3095415338865762,0.3091486184644937,0.32317162188470333,0.31530478616531765,0.31062651477189834,0.30241354033390033,0.32357310445418186,0.2899033165421248,0.3090427752114329,0.31533103736914925,0.3048954911412777,0.3086695566382418,0.31798651435349273,0.31607209642173756,0.30896580058985806,0.32247486331554526,0.3094901550591971,0.3108664451339566,0.322582189556354,0.3180291236335115,0.3109058250233358,0.3248987792494907,0.3119631499415931,0.3144902846097519,0.31776589651753284,0.3187864688373281,0.30413110894524636,0.3080453147404053,0.31914495025686884,0.31593804665803554,0.30843838203672325,0.31964166852519177,0.31217433722707005,0.31209785672678403,0.3152125387223743,0.3243299448357336,0.31669480366092445,0.3145390980286532,0.31773565519020985,0.319709067813003,0.3204183990937213,0.3139285123420514,0.31160665319663183,0.31530894928642017,0.31683371390951953,0.31968150417991564,0.31680968589159053
New Mexico,0.27833,0.3217706170714485,0.32428261353151744,0.31320163438724613,0.31848330028807087,0.3321523062265305,0.3158117383603449,0.3232584829248767,0.3100113346466393,0.31594465753450074,0.3325333837413496,0.31555494767013764,0.3121199468510101,0.31628337974915727,0.33158581116289354,0.3164812111445793,0.3163018663186721,0.3101917274905033,0.314485236697698,0.3175333147769905,0.31662080473034254,0.31695051044047046,0.3109049220270085,0.3157548300223585,0.3307396529007299,0.3160658038348298,0.31178129383677833,0.310463371229839,0.3121166633398976,0.3178686812622475,0.31509163420822117,0.3171765129606519,0.31182317522575637,0.31023816763751344,0.31297205631641556,0.3187980694981418,0.3155137357741032,0.3166758203361026,0.30880762730387973,0.3153555904451145,0.309760134433142,0.3152037522436974,0.31101620939098396,0.3094426420156917,0.31228301565511035,0.3184759325964103,0.3151117877127337,0.316476068012671,0.30910688093003374,0.3123356838138631,0.3099020785507146,0.3154867482062053,0.3101514146611398,0.3126020465203872,0.30971643431920015,0.3157317199110932,0.3092863464189201,0.3096234557223089,0.31194947761472236,0.3093072200559374,0.3155395161529076,0.30943854971486195,0.30981852546660105,0.30942406250715415
New York,0.29054,0.3211257956940199,0.3151034956906591,0.3021902254089186,0.3099224669116698,0.30838167114644677,0.3043331113170975,0.31078699134301574,0.29834749706089925,0.307174938135377,0.30459278569424814,0.30406986030223676,0.30190724501943367,0.310181289442808,0.30898279417815466,0.3042812356682277,0.3053068756009875,0.30270252800228636,0.3013000016356887,0.31040409865405333,0.305212895645567,0.3038524340868392,0.29702403806291733,0.30770048932777305,0.3038913565775167,0.3023592770575653,0.2998185704844558,0.2980822611353817,0.2984813999797261,0.30508945989473113,0.3036546092400959,0.30235676642617226,0.3044736001517845,0.3026375365573964,0.30089919901458706,0.3083654835430432,0.3054720119779846,0.3041581557224971,0.3068539843506155,0.3026085564781875,0.3020959945357549,0.3059110162516155,0.30114180199719226,0.29766300771274723,0.29822430961540614,0.30547907683995873,0.30359587170911956,0.30205850617872293,0.3014403621263207,0.29909986602472594,0.29979705417348546,0.3032477882620592,0.305120408619829,0.30233442692796053,0.3021570252283524,0.3053342194677774,0.3039699161920244,0.3017493876275801,0.299764173192164,0.2995410499123009,0.303282397697351,0.3008549877443673,0.30337322411658385,0.30084578911080617
North Carolina,0.31512,0.323765216734555,0.3233112432403918,0.34403952792950176,0.2974399658239161,0.31861964510858726,0.3224470862892227,0.31985704168829465,0.34253679786921115,0.29185759693307145,0.3151171439875887,0.32208382758464826,0.3444656792955274,0.2934251589771201,0.31942649580542226,0.32289366034913447,0.3138020168094787,0.34606651512086073,0.33097450071682344,0.2969400546621152,0.31328119756781525,0.32239711415114186,0.3407561666031984,0.291668002380806,0.31539404199917404,0.32129171465689155,0.30945246751612054,0.3420756186331623,0.3300515817338965,0.2917017662202187,0.30920288626709913,0.32097605632523896,0.31130775237847247,0.3459982939845383,0.3315200486371557,0.2929441803899147,0.31075775357554775,0.32280067156264114,0.3167514182260171,0.3225941725443464,0.33400681121496867,0.3125959242933758,0.3096041150472123,0.342009847789354,0.3297474023524446,0.29098098979611536,0.30923211399275563,0.32106164428274825,0.31152589676650744,0.3187010345777805,0.33218842761283573,0.3090875188625103,0.31269626736579675,0.32018066855309685,0.33406968421663497,0.3106520539864048,0.32466726872541074,0.31080566619263705,0.3186355073329825,0.3322092068808854,0.30898990110666286,0.3209909171871438,0.322690215763623,0.321017855368031
North Dakota,0.34952,0.309329462990192,0.29948527903373573,0.32508013748624387,0.3199744776530169,0.2964175903180258,0.34242977830037274,0.30036361424394664,0.33230835010898363,0.32634565008079236,0.2978627439436473,0.3431349287918583,0.3280074270948682,0.3269536494042813,0.29577447234407717,0.3400746114254843,0.32243600687900514,0.32968817702057096,0.34011262868046777,0.32150078381367114,0.3360574377130392,0.3402452498690089,0.3291625301465241,0.32722582596930105,0.29660566661844334,0.34016794855274807,0.33298498862332576,0.33171693841438704,0.3452260905194463,0.3238850999104763,0.33948558953353375,0.3406125258886293,0.33539966868642046,0.32977245234900376,0.3442821915975335,0.3250886820199279,0.3393035532171371,0.3398913008967785,0.33406600819184956,0.3361636022308446,0.34755519550148484,0.33838118453771193,0.3359992782624667,0.3305338773724841,0.34457349240965846,0.3251970381840805,0.33939673601557124,0.33977587089620515,0.3365466643877081,0.3420383220801926,0.3483092570936415,0.3389221527887614,0.3369619656382965,0.3430961418173043,0.34747783634041696,0.3390980189703074,0.34512286016534005,0.33730375132810064,0.3433892974982422,0.3475163328116053,0.3389876544110744,0.345940902589155,0.34587229739701114,0.3459257178015631
Ohio,0.31148,0.32222624902180946,0.3260296191449261,0.34090746499758184,0.3331288394702885,0.32661088060062615,0.33891090274657826,0.32529616143811946,0.34022160141066327,0.33140523884508577,0.32563252462840026,0.338724324019897,0.34081275409770073,0.3318022309814127,0.3269639929437106,0.33932718579275245,0.33886787082319875,0.3411920094810782,0.3430285675919134,0.33288818532472364,0.33859083917305255,0.33915001946849754,0.34008939357915435,0.3313226067020347,0.32618045471474755,0.33888320227333546,0.33770647601672615,0.34013647208073816,0.34249334406517046,0.33159536641326043,0.33731113318264994,0.33869764591265744,0.33813652857104787,0.34116354588441994,0.34290416841890947,0.3319534395461552,0.3377510692616264,0.33931913000370745,0.3394462089194336,0.3418663071980186,0.34350278450586846,0.3382531801669274,0.3377150094430269,0.3403746639899565,0.3424602228131819,0.33144608703622847,0.3373230447462001,0.3388575010794071,0.3381644381369254,0.34076054626240854,0.3429420304582382,0.3373212717850453,0.33845037380908893,0.3411189377284798,0.34352978197942324,0.33774184809452235,0.3422250609861537,0.3379872827372542,0.34071839398063986,0.34306479519234895,0.3372959473917606,0.34127089166092095,0.34170644956883633,0.3412780460508902
Oklahoma,0.3597,0.3162148468380149,0.3263664402039573,0.31482371811166626,0.34793863107665446,0.3219394028071101,0.3445551002649524,0.3318439226033881,0.3159082975785958,0.3516140525335776,0.3239030775055131,0.34480170804891913,0.31352167420062477,0.3480155220371483,0.32287854893751855,0.34490033786721214,0.33877163260391274,0.3138461649201169,0.3380988917473732,0.3483515504372929,0.34825167317087913,0.3443159264781584,0.31953337284921707,0.35102818329390467,0.32887426622316074,0.34730199373353215,0.34205966743316035,0.3161461602241205,0.3385697647155167,0.35148537682507275,0.3505511569876821,0.3449944171067172,0.33634770700326216,0.31374505007772024,0.33636499809675824,0.3463671980159048,0.34828388419586725,0.34477326029105687,0.33804706055510475,0.3421655228125906,0.33684485211823706,0.348865823734846,0.33983709068391266,0.319628628144317,0.33919810395152106,0.34948353085013295,0.3506141421690308,0.347074370379852,0.3411805744744226,0.3440866865346972,0.3376599244383521,0.35053013667006916,0.3365277629475282,0.34030642405233336,0.3369423001240205,0.34814187980047273,0.34144812663271396,0.33992292622725245,0.3429584309236796,0.3395718315339182,0.35037734824755273,0.34314272910489,0.34069014817639454,0.3431798797628972
Oregon,0.32585,0.32442554250368555,0.3239855617059622,0.31574800841443884,0.2635622647489202,0.32875566553033264,0.26946594506897154,0.32015467675828396,0.3108555191783886,0.25488281887477027,0.32678494589005835,0.26882576743809977,0.31482126476297423,0.2558110622013159,0.32852500620746605,0.27097042707754976,0.2767654333823461,0.31357799589155944,0.27828091256205123,0.26160489142155235,0.26278051720444506,0.271278916090522,0.31050335107107263,0.25417016884592747,0.32441846265858626,0.2696014056518473,0.2667694227908081,0.31107011514477745,0.2752046549180722,0.25789828016246724,0.25735185078414524,0.27076701846659634,0.26681691749499736,0.31359352405775687,0.27682910858204623,0.25895995086148316,0.2587287267748387,0.2712024216985491,0.26829117203214353,0.2715776342498242,0.27440307256253116,0.2598717641414241,0.265055580208014,0.30959636406486923,0.2752537949740247,0.2574897759870119,0.25743034685163463,0.2700739645790837,0.2645588912346027,0.26521496582637805,0.27371889906236246,0.25795273480546815,0.2657647786964418,0.2657525823000087,0.27438439264453357,0.2589872298427841,0.26486900894384735,0.2642026773114906,0.26439229001116665,0.2730792851032186,0.2579209569444807,0.2628112398254692,0.26396847340390006,0.26282019858080785
Pennsylvania,0.3261,0.31706283848127126,0.31782822926176946,0.31401382017309826,0.3347027519396586,0.316374995850379,0.335712505638769,0.3187822188289635,0.31438824534964427,0.3367511126470192,0.3167240082839113,0.3358627642188511,0.31387422671281096,0.3365233711701193,0.3165232024914062,0.33535250909850683,0.32864043431202533,0.3140051995204878,0.33072175345200583,0.3351972917586655,0.33692537908925063,0.33521893360257615,0.31491052971488115,0.33691689677619396,0.3175386230428647,0.3356599063877324,0.3302209669655263,0.3144060078694715,0.33076201887658896,0.3359494742342669,0.3381333826440292,0.33526776833899025,0.33015049620330555,0.31398865023680345,0.3305931197076336,0.33564079415348136,0.33782375921328406,0.33528055076557817,0.32970817589024454,0.33270997391305307,0.33091325539085426,0.33766756385773694,0.3304611565732057,0.31498659790896955,0.33080936683989887,0.33598052017098723,0.3381161004205422,0.33551111534756145,0.33044600946114105,0.33338532341349636,0.33086809869710615,0.33796380452942865,0.33023903067324095,0.3332842174124516,0.3309305744429944,0.33774341644711076,0.3334272543252027,0.3305298621475499,0.3334558858712685,0.33110959202253976,0.3379613691303879,0.333643632460985,0.33349754351596456,0.33364341507199896
Rhode Island,0.29818,0.3191910626994502,0.32500211201062856,0.2946975255535223,0.3072890817534446,0.31571355136494644,0.3192917343799644,0.3268901476186477,0.2915171282503236,0.30570465946467773,0.31457468637364305,0.31922546243206806,0.2926918889911114,0.3036737661822355,0.31713170765181564,0.3199695755197824,0.30018575317924995,0.29323376707912363,0.3105682490642461,0.3072101096694646,0.31480900686847385,0.31907926642174567,0.29458982610304013,0.3049652501201535,0.31892279995099737,0.32088598974495197,0.2958471493029654,0.2916670241951468,0.30800128177007796,0.3054867493158091,0.3135429222897917,0.31860688204340315,0.29184330084256427,0.29307551708151036,0.3078169003419637,0.3017152287954077,0.3127130166752579,0.3197908331902644,0.29683780397663345,0.3094051179798387,0.30845750969106633,0.3147187755338615,0.2931347496640805,0.2948659043788685,0.30854285026691997,0.30292480900725494,0.313627004161955,0.3205192868370283,0.295038703027761,0.30547604611969925,0.3074540369962784,0.31346081532689024,0.29218484711184,0.30323906842510323,0.30860785611937935,0.3125118084361364,0.30633247364855354,0.2933980466851373,0.30399051233443963,0.3092341019099689,0.31324317854932926,0.3046430729059776,0.3040476370183491,0.3046963199827331
South Carolina,0.33243,0.3180488460969029,0.3120646663367895,0.32703395906685717,0.3179878104255679,0.32230208999179455,0.34917787687835805,0.30954779486074824,0.32801450937199994,0.31804143308207217,0.3231633740427164,0.34932011438946126,0.32828243171861493,0.3201837714221979,0.32081792246671914,0.34797897930802296,0.32179441633630473,0.32698653991762494,0.34622638350408186,0.3176999503468104,0.34008115150575713,0.34887331601997695,0.32558455298365374,0.31864067737721974,0.31835843619484067,0.34653080859592694,0.322883577986021,0.32806588770353684,0.34667818222866353,0.318850834383718,0.3393217139648267,0.3490900298256843,0.3267198465729951,0.32714194103429883,0.3480561706985992,0.32275347329897786,0.3406571720311262,0.3481078849828102,0.3212822979814202,0.3405079011294424,0.34638727022045923,0.33973315010877964,0.32494932972736834,0.32472449200038256,0.3461454795677399,0.3213314109930368,0.3392673877844862,0.34678038491858526,0.3224679334962367,0.339354147730476,0.346644860718559,0.33938351152425716,0.3257077576837958,0.3418672647904384,0.34624321053444307,0.34080074326713955,0.3393895371993271,0.3241303303776428,0.3401241401209099,0.34457506455700226,0.33952634181342634,0.3389780056602772,0.3404867922306608,0.33894186784996744
South Dakota,0.34041,0.3064261088076795,0.30898417397642125,0.3160705948814956,0.3286445997807116,0.3176911993431854,0.3398290151750247,0.3168727997402976,0.3245218796191809,0.3377411737076885,0.325092993919462,0.3407200531459318,0.31726387496210984,0.33305990166231236,0.31621698886910676,0.3384906587423244,0.3250315220903766,0.31598517398145304,0.3347646825728957,0.32891243880247756,0.337527728188449,0.33935460014449176,0.32608921272602687,0.33746114318520115,0.3253584757556261,0.3419276764782196,0.3382096714316556,0.324901442502105,0.3407276192290986,0.3395044966474915,0.3429278020789306,0.34221461433405886,0.33178943182542525,0.3161360849956123,0.3365149889557515,0.33474748678893673,0.3396151208538978,0.33859756424202136,0.3254799824851109,0.3343009710420036,0.3348595965254378,0.33795727434523076,0.33735931743328623,0.3250853086748166,0.34097817980015876,0.3397135226653277,0.34296075481888405,0.3422223382687411,0.3362195805488193,0.34244180830944854,0.3390392279444415,0.34326111432640954,0.3307756463728663,0.3377153199953221,0.33471970281648133,0.33973506965781397,0.334318951679535,0.33640045019782855,0.34195766255777926,0.3390621568630257,0.3432682803165358,0.34030326396604266,0.336140562175809,0.3403008849985373
Tennessee,0.33765,0.33408934919279293,0.3504101883082198,0.3629760398999186,0.35462074938393684,0.33805558335236197,0.3270737508560459,0.34817856289070115,0.355780589875068,0.3461803793456465,0.3317003924111746,0.3260292472785306,0.3604406220011678,0.3466350556277521,0.34117135333894866,0.3301962280658564,0.3641090998189703,0.362934664440527,0.34154229887097787,0.354082866981864,0.33841488272068443,0.32844431219826986,0.35802132491503885,0.3453633001667237,0.33828805136375123,0.3293159694403222,0.35350293147375395,0.3554797576916301,0.3365432376262955,0.3453430597150314,0.333690247405651,0.3259453140432644,0.3527110335820372,0.36262724463219076,0.3378970125567117,0.3438025046047563,0.33464318678393584,0.3300193866336761,0.3640873325796814,0.346215524246524,0.3412140422798612,0.3375581227477413,0.3512724753370482,0.3597716321087235,0.3370411355884108,0.34213089699303123,0.3337725852484526,0.3289193851317294,0.3552597319351049,0.3407253741402682,0.3378056365876592,0.3335803594615477,0.3546601302898461,0.3406701568585049,0.34150076230799564,0.3344455411450856,0.3468682702827499,0.3529411544798812,0.33981798645864597,0.340427057549742,0.33335977814814,0.3425723250634904,0.3436843262396972,0.34262974641539234
Texas,0.32982,0.31846423832544796,0.31884937872949093,0.31418312087212097,0.3190594312593555,0.31987233655983605,0.2974614313626274,0.318827837464904,0.31353856499170424,0.31890263621879267,0.3199997288399752,0.2973489320182869,0.3139077228006946,0.3188964015096034,0.31979389317361673,0.29791968199571056,0.31714365388986526,0.3135377496441615,0.3001406900905894,0.31896184266721034,0.30383441130624406,0.2980151936196047,0.3138528848452984,0.31888339202419524,0.31980878075315916,0.2980720120619727,0.31639382807167904,0.31363718437203364,0.29986381852194555,0.3191288947482564,0.3042824124059005,0.29817171253770336,0.31632204886368076,0.31354239462181843,0.29969754386734543,0.3191944858685129,0.30414684356234034,0.2979907715608962,0.315707837236417,0.30400772885065575,0.2989518131669314,0.30363484117632084,0.31622841553894504,0.31356658137530286,0.29996981688524993,0.31921039349001634,0.30427718838344053,0.29822762754229987,0.31586207125800886,0.3048277465043547,0.2992131360962912,0.3043989422633841,0.3159954990633729,0.30472662772923814,0.2989459265406975,0.3042272771562853,0.3033303396997471,0.3159551580467568,0.3049216605708995,0.2992583058376904,0.30444065285974736,0.30419888667631767,0.30393902874619527,0.3041883176587524
Utah,0.28746,0.32271118696110984,0.31764155734953536,0.30869457523758786,0.334220613155755,0.30965776177090093,0.31834224061321953,0.3128154727564667,0.3043464956860737,0.33223900110801197,0.305101469312633,0.31803262291504825,0.30834461466413743,0.3360594924304037,0.3105368768456921,0.31828752361233886,0.3260308064159566,0.3095009155319195,0.31487930281626264,0.33516342567503526,0.3244291659297114,0.31767719934649735,0.30291902758010436,0.333075573715086,0.3048335720074192,0.3160398076623067,0.3207880208338057,0.3040020228089011,0.3115886182027291,0.32909113985919514,0.32353484725234066,0.31581360161078287,0.3269790505996697,0.30941028626565004,0.3144129840558523,0.3333462824145679,0.32565126671767075,0.318114210084694,0.32939213241501475,0.3199437061613847,0.316225270871807,0.3257937080115226,0.3229052403657039,0.3038287428865303,0.3112879436638021,0.3298210954686494,0.3234397985249359,0.31562495174325106,0.32319863472729465,0.31694915394153755,0.3133810936096652,0.32293714464944473,0.32791088601153623,0.3211204183697452,0.31631116594186987,0.32545793181750754,0.322909880206412,0.32376687269868804,0.3180528923439669,0.31322326094027786,0.32300848301606,0.3195454151684754,0.32255933104833334,0.3195267513190998
Vermont,0.28079,0.3107044247097903,0.29845925986395605,0.31853003071189284,0.2673432189233105,0.3104479017089634,0.25588504607069107,0.29750934025334375,0.324069702827595,0.268656113744034,0.3137187184314996,0.2561177148652624,0.32131002693381927,0.26927238193847086,0.30804229009637,0.25504110762163196,0.28073989500935814,0.3199929644987437,0.26840947762075873,0.26672260324486474,0.2545995262587795,0.25654676669137494,0.32039633524701816,0.2689734510621298,0.307373535206502,0.2549364465010317,0.28631958440532046,0.32402126120537117,0.2731976045244305,0.2707305573971109,0.2558824356633853,0.25811695678071744,0.2878733116771553,0.32024590468166925,0.2721098019824742,0.2730410508458798,0.25594625043406866,0.25537295697208884,0.28167882763694907,0.2646551251899413,0.2700985212381718,0.25363237547875206,0.28804919824164466,0.31957245946248236,0.2726528258314044,0.2730956669297914,0.2558416446717875,0.2556474453278724,0.28581954496162365,0.27013845102717926,0.2728346043973623,0.25636564092284786,0.2869547967560372,0.27070202395723036,0.26985554966797004,0.2563182716089452,0.26602266730686974,0.2872722988820763,0.2712381709591194,0.2705343969571784,0.25658338668137587,0.2695231029905788,0.2688073052572608,0.26947066440833634
Virginia,0.30821,0.31340147189983014,0.31263699159813924,0.32341000896885785,0.3225449092826739,0.30712396558665395,0.32438800817742963,0.31505575218142273,0.327455665689099,0.32623735258790576,0.30803007552857276,0.324737451156618,0.3244169744660405,0.325002153621455,0.30745692994181917,0.32371028325337453,0.3236294649182547,0.3258899727514041,0.32505446258624743,0.3233973988145132,0.3242519494342154,0.323403088789409,0.3271806921902743,0.3263078356037912,0.309954109769141,0.32474840377142217,0.3296527986685192,0.3271440575119735,0.32801193778770316,0.3248999104209997,0.3265120903524172,0.3236874321439802,0.32825457373948086,0.3258658531118592,0.32647455292053407,0.3230506208135855,0.3254982726044783,0.32355947913223615,0.33001090735283145,0.3248071585753092,0.32898079984792694,0.32552369956736144,0.3300155832534115,0.32828217230841883,0.3279567817159369,0.32427637854506997,0.32650458635397983,0.3244440268416926,0.331567954168188,0.3288394268829933,0.3295623419610082,0.3262389712539866,0.32953883606214096,0.32763179010874965,0.32900379517178735,0.3253294821237425,0.32996126293522227,0.3310639890117449,0.32903091397220474,0.33021485500189574,0.3261874481232334,0.33091219022748547,0.329769609844735,0.33092609828476316
Washington,0.29988,0.3131508026305226,0.31465548310129715,0.28331548531517214,0.2856056083660993,0.3017120710981369,0.28377083653578183,0.31819428461162824,0.28343460904818657,0.28660720401036144,0.30173518876561234,0.2839594139607779,0.2822559506017393,0.2835217352799828,0.30299516884232225,0.2840571968137671,0.27932936702076716,0.28352637593888785,0.2779887884625173,0.28599430873146603,0.281344642821048,0.28318706212702893,0.2859892840102599,0.28586468200549686,0.30648002514755945,0.2859390299410935,0.27922706967376054,0.28339845431147054,0.27815166414823944,0.28580974719728847,0.2821273102479884,0.2832857339968923,0.2739116457260139,0.2833843642899736,0.27648007255959617,0.2806084165361336,0.2803612533152898,0.2838457304406297,0.2795736240508743,0.2776007237445952,0.2782555769019458,0.2819064075525158,0.276609294731504,0.2868260340419481,0.27866447663867144,0.2828673434852975,0.28220557028169657,0.28552027042371936,0.27935581953395827,0.277706137944963,0.2782681670559217,0.28198686977913995,0.2749209977568621,0.2743249983903146,0.27838852276764453,0.2801238062985242,0.27786446482230154,0.27740850348217694,0.27643660209303433,0.2803077776318479,0.2817681070058941,0.27783885053341484,0.27602393769953426,0.2778932814656939
West Virginia,0.3654,0.32936929255832,0.34337671530204117,0.3736076662290871,0.37019170098079746,0.34215837766850987,0.35099327341337144,0.34288684066806685,0.37099305612313543,0.3662966624425817,0.3396111501916781,0.35037425502781716,0.37253233868232916,0.3663704912591964,0.34363719943550175,0.3529522216218126,0.3801273225766407,0.3736717060184277,0.3645561534649049,0.3697248086512449,0.361320072172053,0.3521989436642997,0.3721697000472065,0.3658819397584314,0.34309885045991023,0.352650302388838,0.3767011800256868,0.37086826868949796,0.36275745616429605,0.36651391018433654,0.35918976887025156,0.35113026361620975,0.3761795132119878,0.37353648001262174,0.3630102630419741,0.36587607923898235,0.35954449558833645,0.35293644805397334,0.38077748419243285,0.3687229960989632,0.3645459194733733,0.3605950498767163,0.3758506268630152,0.3729634868581948,0.36301276260173515,0.3652938423279965,0.35923117719899944,0.352610705244346,0.37756924758232085,0.3675218877192721,0.36327807659430067,0.35926821199788994,0.37706877081862394,0.3672939865182049,0.3646720848478942,0.35952762455945947,0.3696799318966966,0.37660577098476594,0.3672412519526875,0.3645515802070635,0.3591911045826092,0.3684215371310653,0.36859875432105843,0.3684427673853039
Wisconsin,0.31868,0.3166386634181205,0.3137953043405023,0.3176583608966544,0.30500110191898433,0.31933666263038274,0.3238517483167732,0.3134449135037347,0.318720232954827,0.30504320180397926,0.3205277149394347,0.32397888030797783,0.3182469390649938,0.305228936488364,0.3184771556363448,0.3233021061241191,0.30821930079736803,0.31739657116041564,0.3225408245215786,0.3046228335848534,0.3171666583915179,0.3238291847139517,0.31788505820817314,0.3050993387428562,0.3182778789190139,0.32306553861026044,0.3091350804706072,0.31881705292955875,0.32325431900923407,0.3060990082043864,0.3167563835213523,0.32428454266717555,0.3095184993384648,0.3174840440484095,0.3233866747323564,0.30692729718226275,0.31696826711320264,0.3233934203031468,0.3068440605259989,0.3181430181588505,0.32218841297294215,0.31664877470948105,0.3094817680267976,0.31729048825703154,0.32307742408776774,0.30695748488378477,0.31675615426764536,0.3232572546442648,0.30835357444168027,0.31776432021357104,0.3228283839719399,0.31691442125062363,0.3088476941459733,0.3180306051999784,0.3221066852598415,0.3170698296882951,0.31665092237061954,0.3089175021448224,0.3178045038606212,0.32190962960176694,0.31695493782066286,0.31695603399355887,0.31708392637518223,0.3169458129814757
Wyoming,0.30116,0.3127668672891878,0.31168023041318843,0.3236616721701078,0.32326647641939105,0.30533434667881587,0.2890212399151551,0.31432838947525943,0.3282024322576077,0.3274635141515664,0.3063011247261136,0.28925890127466575,0.32481412643826135,0.32614630574917913,0.30571096233412565,0.28890629646641275,0.3242696728654903,0.32649510608890936,0.2968138201271687,0.3242575805434423,0.29945997422218007,0.2886133194616179,0.32784143786018555,0.32756766227243234,0.30843266583853035,0.2903135543216741,0.3310554699087517,0.327842910241846,0.3005378292840372,0.32588224826750656,0.30295328647471914,0.2890812401052559,0.3296154018395343,0.32646778890319883,0.2983233432206725,0.32389200245111216,0.30159540272283164,0.28881442968614324,0.33158728539987004,0.3023729487431235,0.3009471761915432,0.3008458682699878,0.3315302856429477,0.32910029634634186,0.3005589510531971,0.3252132464919747,0.3029297397750209,0.2901427825178474,0.33327176700077565,0.309279202418416,0.3019911074972661,0.3027502176500391,0.3310808412671104,0.30783391363088985,0.30097019245257406,0.30149399856602793,0.30915424898368293,0.33272837846485426,0.30984426160836465,0.30288315167680724,0.302753977267628,0.31158364039790715,0.3098358836173024,0.3115843929052855
